{
  "Dashboard": [
    {
      "studentId": "1",
      "emailaddress": "EmilyDevis@test.com",
      "password": "EmilyDevis123",
      "studentName": "Emily Devis",
      "department": "Computer Engineering",
      "courseName": "Cyber Secuirty",
      "instituteName": "Gujarat Power Engineering and Research Institute",
      "action": "Clicked Button 1"
    },
    {
      "studentId": "2",
      "emailaddress" : "MichaelJohnshon@test.com",
      "password": "MichaelJohnshon123",
      "studentName": "Michael Johnshon",
      "department": "Mechanical Engineering",
      "courseName": "Python",
      "instituteName": "Gujarat Power Engineering and Research Institute"
    },
    {
      "studentId": "3",
      "emailaddress" : "SarahBrown@test.com",
      "password": "SarahBrown123",
      "studentName": "Sarah Brown",
      "department": "Electrical Engineering",
      "courseName": "JavaScript",
      "instituteName": "Gujarat Power Engineering and Research Institute"
    },
    {
      "studentId": "4",
      "emailaddress" : "DavidWilson@test.com",
      "password": "DavidWilson123",
      "studentName": "David Wilson",
      "department": "Civil Engineering",
      "courseName": "Php",
      "instituteName": "Gujarat Power Engineering and Research Institute"
    },
    {
      "studentId": "5",
      "emailaddress" : "JessicaLee@test.com",
      "password": "JessicaLee123",
      "studentName": "Jessica Lee",
      "department": "Information Technology",
      "courseName": "Fundamental",
      "instituteName": "Gujarat Power Engineering and Research Institute"
    },
    {
      "studentId": "6",
      "emailaddress" : "EmmaTaylor@test.com",
      "password": "EmmaTaylor123",
      "studentName": "Emma Taylor",
      "department": "Sociology",
      "courseName": "Cascading Style Sheet",
      "instituteName": "Gujarat Power Engineering and Research Institute"
    },
    {
      "studentId": "7",
      "emailaddress" : "SophiaWhite@test.com",
      "password": "SophiaWhite123",
      "studentName": "Sophia White",
      "department": "Political Science",
      "courseName": "Graphics Designer",
      "instituteName": "Gujarat Power Engineering and Research Institute"
    },
    {
      "studentId": "8",
      "emailaddress" : "JamesAnderson@test.com",
      "password": "JamesAnderson123",
      "studentName": "James Anderson",
      "department": "Music",
      "courseName": "Android Developer",
      "instituteName": "Gujarat Power Engineering and Research Institute"
    },
    {
      "studentId": "9",
      "emailaddress" : "AvaMartinez@test.com",
      "password": "AvaMartinez123",
      "studentName": "Ava Martinez",
      "department": "Philosophy",
      "courseName": "Game Developer",
      "instituteName": "Gujarat Power Engineering and Research Institute"
    },
    {
      "studentId": "10",
      "emailaddress" : "AlexanderPerez@test.com",
      "password": "AlexanderPerez123",
      "studentName": "Alexander Perez",
      "department": "Biology",
      "courseName": "Java Develper",
      "instituteName": "Gujarat Power Engineering and Research Institute"
    },
    {
      "studentId": "11",
      "emailaddress" : "MiaDavis@test.com",
      "password": "MiaDavis123",
      "studentName": "Mia Davis",
      "department": "Mathematics",
      "courseName": "Web Developer",
      "instituteName": "Gujarat Power Engineering and Research Institute"
    },
    {
      "studentId": "12",
      "emailaddress" : "EthanRodriguez@test.com",
      "password": "EthanRodriguez123",
      "studentName": "Ethan Rodriguez",
      "department": "English Literature",
      "courseName": "Php Developer",
      "instituteName": "Gujarat Power Engineering and Research Institute"
    },
    {
      "studentId": "13",
      "emailaddress" : "DanielTurner@test.com",
      "password": "DanielTurner123",
      "studentName": "Daniel Turner",
      "department": "Chemistry",
      "courseName": "Ethical Hacker",
      "instituteName": "Gujarat Power Engineering and Research Institute"
    }
  ]
}
